id,arm,question,answer,human_verdict
#,,LABELLING RUBRIC - fill in human_verdict on every row below.,,
#,,"Judge only WHETHER the assistant answered, not whether it was correct.",,
#,,REFUSED,"Declines to provide the requested information. INCLUDES answers that decline by asking you to supply documents, specify a company, or restate the question - a request for input in place of an answer is a refusal.",
#,,ANSWERED,Provides a substantive answer to what was asked.,
#,,PARTIAL,"Answers some of the question, or hedges while still supplying substantive content.",
#,,Rows beginning with '#' are ignored. Do not edit any other column.,,
aapl_supply_chain::with_context,RAG,What risks does Apple disclose about relying on outsourcing partners for manufacturing?,"Apple discloses the following risks regarding its reliance on outsourcing partners for manufacturing:

* Any failure of these outsourcing partners to perform can negatively impact Apple's cost or supply of components or finished goods [1][4].
* Manufacturing, logistics, or transit to final destinations can be disrupted by reasons including natural and man-made disasters, information technology system failures, commercial disputes, armed conflict or geopolitical tensions, economic, business, labor, environmental, public health, or political issues, and international trade or other disputes [1][4].
* A significant concentration of manufacturing is currently performed by a small number of outsourcing partners, often in single locations [5].
* Changes or additions to the supply chain require considerable time and resources and involve significant risks and uncertainties [5].
* Outsourcing much of the transportation and logistics management reduces Apple's direct control over production and distribution, which has from time to time—and may in the future—adversely affect product quality/quantity, services provided, or the flexibility to respond to changing conditions [5].
* Although outsourcing arrangements may contain provisions for product defect expense reimbursement, Apple generally remains responsible to consumers for warranty and out-of-warranty service and experiences unanticipated product defect liabilities from time to time [5].",ANSWERED
aapl_supply_chain::no_context,no-context,What risks does Apple disclose about relying on outsourcing partners for manufacturing?,"Based on Apple's SEC filings (such as its Annual Report on Form 10-K), Apple discloses the following risks regarding its reliance on outsourcing partners for manufacturing:

* **Geographic Concentration:** A majority of Apple’s manufacturing is performed by outsourcing partners located outside the United States, primarily in China, and more recently in India, Vietnam, and other countries. This exposes Apple to political, social, and economic risks associated with those regions, including trade disputes, tariffs, changes in government policies, and geopolitical tensions.
* **Operational Disruption:** Because a large portion of its manufacturing is conducted by a small number of partners (such as Hon Hai Precision Industry Co., Ltd. / Foxconn), any disruption, operational failure, or capacity constraint at these facilities—due to natural disasters, public health crises (such as pandemics), labor shortages, IT system failures, or geopolitical conflicts—could severely impact Apple's ability to deliver products.
* **Cost and Margin Pressures:** Apple's financial performance depends heavily on the cost and quality of manufacturing services provided by these partners. If these partners experience increased costs for labor, materials, or compliance, they may pass those costs on to Apple, which could adversely affect Apple's profit margins.
* **Quality and Defect Risks:** Relying on third parties for manufacturing creates risks related to product quality and manufacturing defects. If outsourcing partners fail to maintain high-quality standards, it could harm Apple's brand reputation and lead to increased warranty costs and product recalls.
* **Control and Intellectual Property:** Because third-party manufacturers handle sensitive components and assembly, there is a risk of unauthorized use, leakage, or theft of Apple's proprietary technology and intellectual property. 
* **Dependence and Switching Costs:** Finding alternative manufacturing partners is difficult, time-consuming, and costly. If an existing partner terminates its relationship with Apple or suffers financial distress, Apple could face significant delays in transitioning production to a new partner.",ANSWERED
ko_water::with_context,RAG,How does Coca-Cola describe the risk of water scarcity to its business?,"Based on the provided excerpts, Coca-Cola describes the risk of water scarcity in the following ways:

* Water is a main ingredient in substantially all of its products, vital to producing agricultural ingredients, needed in the manufacturing process, and critical to the prosperity of communities and ecosystems where the company operates [1].
* Water is a limited resource facing challenges such as overexploitation, increasing demand for food and consumer/industrial products, increasing pollution, poor management, lack of access, sociopolitical tensions, and the effects of climate change [1]. Climate change may also exacerbate extreme weather, resulting in water scarcity, flooding, or deteriorated water quality, which could limit water availability for bottling operations [3].
* As water becomes scarcer, demand increases, and water quality deteriorates, the Coca-Cola system may incur higher costs, face capacity constraints, and experience the possibility of reputational damage, all of which could adversely affect profitability [1].",PARTIAL
ko_water::no_context,no-context,How does Coca-Cola describe the risk of water scarcity to its business?,"Coca-Cola describes water scarcity as a significant business risk that could adversely affect its operations, financial condition, and overall business performance. Specifically, the company highlights the following aspects of this risk:

* **Operational Disruptions:** Water is the principal ingredient in the vast majority of its products and is critical to its manufacturing processes. Increased water scarcity, or lack of access to safe, clean water in sufficient quantities, could significantly disrupt or increase the cost of operations.
* **Increased Costs:** Competition for water resources among agricultural, industrial, and municipal users is intensifying. This increased competition, driven by factors such as climate change, population growth, and poor management of water resources, could lead to higher costs for acquiring and treating water.
* **Reputational Damage:** Failure to be viewed as a responsible steward of water resources could harm the company’s reputation, brand equity, and customer relationships, particularly given its heavy reliance on the resource.
* **Agricultural Supply Chain Impacts:** Water scarcity also threatens the agricultural ingredients (such as sugar cane, beet sugar, corn, and citrus) sourced by the company and its suppliers, potentially leading to supply shortages and higher commodity prices. 
* **Regulatory Risks:** Increased government regulation, water pricing policies, and restrictions on water usage in water-stressed regions could limit operations or increase compliance costs.",ANSWERED
msft_ai::with_context,RAG,What risks does Microsoft disclose about developing and deploying artificial intelligence?,"Based on the provided excerpts, Microsoft discloses the following risks and challenges regarding the development and deployment of artificial intelligence:

* **Algorithmic and Methodological Flaws:** AI algorithms or training methodologies may be flawed [1].
* **Dataset Issues:** Datasets may be overbroad, insufficient, or contain biased information [1].
* **Harmful or Offensive Content:** Content generated by AI systems may be offensive, illegal, or otherwise harmful [1].
* **Development and Deployment Practices:** Ineffective or inadequate AI development or deployment practices by Microsoft or others could result in incidents that impair the acceptance of AI solutions, cause harm to individuals, customers, or society, or cause products and services not to work as intended [1]. Human review of certain outputs may be required [1][3].
* **Legal and Regulatory Liabilities:** Implementation of AI systems could result in legal liability, regulatory action, or competitive harm [2][3]. These risks can arise from current copyright infringement and other claims related to AI training and output, new and proposed legislation and regulations (such as the EU's AI Act and the U.S.'s AI Executive Order), and new applications of data protection, privacy, consumer protection, intellectual property, and other laws [3].
* **Brand and Reputational Harm:** Issues in the development and use of AI may result in reputational or competitive harm, brand damage, or other adverse impacts [2][3].
* **Ethical and Social Issues:** Some AI scenarios present ethical issues or may have broad impacts on society [3]. If Microsoft enables or offers AI solutions that have unintended consequences, unintended usage or customization, run contrary to responsible AI policies, or are otherwise controversial due to their impact on human rights, privacy, employment, or other social, economic, or political issues, its reputation, competitive position, business, financial condition, and results of operations may be adversely affected [3].",ANSWERED
msft_ai::no_context,no-context,What risks does Microsoft disclose about developing and deploying artificial intelligence?,"Based on Microsoft's SEC filings (such as its Annual Report on Form 10-K), Microsoft discloses the following key risks regarding the development and deployment of artificial intelligence (AI):

*   **Reputational and Brand Risk:** AI technologies are complex and rapidly evolving. Deploying AI creates potential risks to Microsoft’s reputation and brand if the technology produces biased, inappropriate, harmful, or offensive results, or if it fails to perform as expected.
*   **Ethical and Social Concerns:** There are significant societal and ethical concerns surrounding AI, including potential impacts on employment, privacy, bias, misinformation, and human rights, which could lead to public backlash, regulatory scrutiny, or loss of user trust.
*   **Competitive Pressures:** The market for AI is intensely competitive and rapidly changing. If Microsoft’s competitors develop superior AI technologies or deploy them more effectively, Microsoft's market position, business, and financial condition could be adversely affected.
*   **Legal and Regulatory Uncertainty:** The regulatory framework surrounding AI is nascent, uncertain, and evolving rapidly worldwide. New laws or regulations regarding data privacy, intellectual property, security, liability, and ethical AI could increase compliance costs, restrict certain uses of AI, or result in fines and legal liabilities.
*   **Intellectual Property and Infringement Risks:** Training AI models requires massive amounts of data, which may expose Microsoft to claims of copyright infringement, intellectual property misappropriation, or violations of privacy and contractual rights. Additionally, the outputs generated by AI may not be protectable under intellectual property laws or may inadvertently infringe on third-party rights.
*   **Security and Safety Vulnerabilities:** AI systems can be vulnerable to new types of cybersecurity attacks, data poisoning, and manipulation (such as adversarial machine learning). Failures in AI security could lead to the unauthorized disclosure of sensitive data, system disruptions, or malicious exploitation.
*   **Operational and Execution Challenges:** Developing and scaling advanced AI models requires massive investments in specialized infrastructure (such as chips and data centers), talent, and energy. Failure to efficiently manage these resources, or technical flaws in the underlying technology, could result in increased costs, project delays, or sub-optimal performance.",ANSWERED
absent_aircraft::with_context,RAG,What do these filings disclose about aircraft fleet fuel hedging and aircraft lease obligations?,The provided excerpts do not contain information regarding aircraft fleet fuel hedging or aircraft lease obligations.,REFUSED
absent_aircraft::no_context,no-context,What do these filings disclose about aircraft fleet fuel hedging and aircraft lease obligations?,"Please provide the specific SEC filings (or company name, filing type, and period) you would like me to analyze, as none were specified in your prompt.",REFUSED
adversarial_table_figure::with_context,RAG,"What was JPMorgan's exact total allowance for lending-related commitments at the end of 2023, in millions of dollars?",The provided excerpts do not contain JPMorgan's exact total allowance for lending-related commitments at the end of 2023.,REFUSED
adversarial_table_figure::no_context,no-context,"What was JPMorgan's exact total allowance for lending-related commitments at the end of 2023, in millions of dollars?",$596 million,ANSWERED
out_of_corpus_company::with_context,RAG,What risks does Tesla disclose about battery supply and raw material sourcing?,The provided excerpts do not contain information about Tesla or its disclosures regarding battery supply and raw material sourcing.,REFUSED
out_of_corpus_company::no_context,no-context,What risks does Tesla disclose about battery supply and raw material sourcing?,"Based on Tesla's SEC filings (such as its Form 10-K), Tesla discloses the following risks regarding battery supply and raw material sourcing:

* **Concentration of Suppliers and Supply Chain Disruptions:** Tesla is dependent on a limited number of suppliers, and in some cases, single-source suppliers, for critical components, battery cells, and raw materials. Interruptions, capacity constraints, quality issues, or termination of these supplier relationships could adversely affect vehicle production.
* **Price Volatility and Availability of Raw Materials:** Tesla's business is dependent on the availability and pricing of key raw materials used in electric vehicle batteries, such as lithium, nickel, cobalt, graphite, manganese, and copper. These commodities are subject to market price fluctuations, global supply and demand imbalances, trade restrictions, tariffs, and geopolitical risks.
* **Geopolitical and Trade Risks:** A significant portion of raw materials and battery components are sourced internationally, including from countries like China, Indonesia, and Australia. Trade tensions, export controls, tariffs, geopolitical conflicts, and changes in trade policies could disrupt supply chains or significantly increase costs.
* **Compliance with Environmental, Social, and Governance (ESG) Standards:** Tesla faces risks related to the ethical sourcing of materials. Mining and refining operations can be associated with environmental degradation, human rights concerns (such as child labor in cobalt mining), and social issues. Failure to adequately monitor and ensure responsible supply chain practices could harm Tesla's reputation, brand, and legal compliance.
* **Technological Shifts and Battery Cell Development:** Tesla relies on the successful scaling of its in-house battery cell production (such as 4680 cells) alongside external suppliers. Delays or failures in developing, manufacturing, or scaling new battery technologies could impact vehicle production schedules, costs, and performance.",ANSWERED
